--
-- PostgreSQL database dump
--

\restrict M9sEhMz44VBBKTEL1k1CCxbacIwjRoRiVf8CPXN5P9ZfM5a2eB9rYjSlV1MtkDo

-- Dumped from database version 18.1
-- Dumped by pg_dump version 18.1

SET statement_timeout = 0;
SET lock_timeout = 0;
SET idle_in_transaction_session_timeout = 0;
SET transaction_timeout = 0;
SET client_encoding = 'UTF8';
SET standard_conforming_strings = on;
SELECT pg_catalog.set_config('search_path', '', false);
SET check_function_bodies = false;
SET xmloption = content;
SET client_min_messages = warning;
SET row_security = off;

SET default_tablespace = '';

SET default_table_access_method = heap;

--
-- Name: Itinerary_itinerary; Type: TABLE; Schema: public; Owner: postgres
--

CREATE TABLE public."Itinerary_itinerary" (
    id bigint NOT NULL,
    day_plan text NOT NULL,
    created_at timestamp with time zone NOT NULL,
    trip_id bigint NOT NULL,
    updated_at timestamp with time zone NOT NULL,
    destination_image character varying(200),
    ai_model character varying(100) NOT NULL
);


ALTER TABLE public."Itinerary_itinerary" OWNER TO postgres;

--
-- Name: Itinerary_itinerary_id_seq; Type: SEQUENCE; Schema: public; Owner: postgres
--

ALTER TABLE public."Itinerary_itinerary" ALTER COLUMN id ADD GENERATED BY DEFAULT AS IDENTITY (
    SEQUENCE NAME public."Itinerary_itinerary_id_seq"
    START WITH 1
    INCREMENT BY 1
    NO MINVALUE
    NO MAXVALUE
    CACHE 1
);


--
-- Name: Stay_stay; Type: TABLE; Schema: public; Owner: postgres
--

CREATE TABLE public."Stay_stay" (
    id bigint NOT NULL,
    name character varying(255) NOT NULL,
    destination character varying(255) NOT NULL,
    price character varying(50) NOT NULL,
    rating double precision NOT NULL,
    stay_type character varying(10) NOT NULL,
    image character varying(500) NOT NULL
);


ALTER TABLE public."Stay_stay" OWNER TO postgres;

--
-- Name: Stay_stay_id_seq; Type: SEQUENCE; Schema: public; Owner: postgres
--

ALTER TABLE public."Stay_stay" ALTER COLUMN id ADD GENERATED BY DEFAULT AS IDENTITY (
    SEQUENCE NAME public."Stay_stay_id_seq"
    START WITH 1
    INCREMENT BY 1
    NO MINVALUE
    NO MAXVALUE
    CACHE 1
);


--
-- Name: accounts_user; Type: TABLE; Schema: public; Owner: postgres
--

CREATE TABLE public.accounts_user (
    id bigint NOT NULL,
    password character varying(128) NOT NULL,
    last_login timestamp with time zone,
    is_superuser boolean NOT NULL,
    is_staff boolean NOT NULL,
    is_active boolean NOT NULL,
    date_joined timestamp with time zone NOT NULL,
    first_name character varying(150) NOT NULL,
    last_name character varying(150) NOT NULL,
    email character varying(254) NOT NULL,
    phone character varying(15) NOT NULL,
    is_verified boolean NOT NULL,
    otp character varying(6),
    full_name character varying(150) NOT NULL,
    profile_image character varying(100),
    location character varying(255)
);


ALTER TABLE public.accounts_user OWNER TO postgres;

--
-- Name: accounts_user_groups; Type: TABLE; Schema: public; Owner: postgres
--

CREATE TABLE public.accounts_user_groups (
    id bigint NOT NULL,
    user_id bigint NOT NULL,
    group_id integer NOT NULL
);


ALTER TABLE public.accounts_user_groups OWNER TO postgres;

--
-- Name: accounts_user_groups_id_seq; Type: SEQUENCE; Schema: public; Owner: postgres
--

ALTER TABLE public.accounts_user_groups ALTER COLUMN id ADD GENERATED BY DEFAULT AS IDENTITY (
    SEQUENCE NAME public.accounts_user_groups_id_seq
    START WITH 1
    INCREMENT BY 1
    NO MINVALUE
    NO MAXVALUE
    CACHE 1
);


--
-- Name: accounts_user_id_seq; Type: SEQUENCE; Schema: public; Owner: postgres
--

ALTER TABLE public.accounts_user ALTER COLUMN id ADD GENERATED BY DEFAULT AS IDENTITY (
    SEQUENCE NAME public.accounts_user_id_seq
    START WITH 1
    INCREMENT BY 1
    NO MINVALUE
    NO MAXVALUE
    CACHE 1
);


--
-- Name: accounts_user_user_permissions; Type: TABLE; Schema: public; Owner: postgres
--

CREATE TABLE public.accounts_user_user_permissions (
    id bigint NOT NULL,
    user_id bigint NOT NULL,
    permission_id integer NOT NULL
);


ALTER TABLE public.accounts_user_user_permissions OWNER TO postgres;

--
-- Name: accounts_user_user_permissions_id_seq; Type: SEQUENCE; Schema: public; Owner: postgres
--

ALTER TABLE public.accounts_user_user_permissions ALTER COLUMN id ADD GENERATED BY DEFAULT AS IDENTITY (
    SEQUENCE NAME public.accounts_user_user_permissions_id_seq
    START WITH 1
    INCREMENT BY 1
    NO MINVALUE
    NO MAXVALUE
    CACHE 1
);


--
-- Name: auth_group; Type: TABLE; Schema: public; Owner: postgres
--

CREATE TABLE public.auth_group (
    id integer NOT NULL,
    name character varying(150) NOT NULL
);


ALTER TABLE public.auth_group OWNER TO postgres;

--
-- Name: auth_group_id_seq; Type: SEQUENCE; Schema: public; Owner: postgres
--

ALTER TABLE public.auth_group ALTER COLUMN id ADD GENERATED BY DEFAULT AS IDENTITY (
    SEQUENCE NAME public.auth_group_id_seq
    START WITH 1
    INCREMENT BY 1
    NO MINVALUE
    NO MAXVALUE
    CACHE 1
);


--
-- Name: auth_group_permissions; Type: TABLE; Schema: public; Owner: postgres
--

CREATE TABLE public.auth_group_permissions (
    id bigint NOT NULL,
    group_id integer NOT NULL,
    permission_id integer NOT NULL
);


ALTER TABLE public.auth_group_permissions OWNER TO postgres;

--
-- Name: auth_group_permissions_id_seq; Type: SEQUENCE; Schema: public; Owner: postgres
--

ALTER TABLE public.auth_group_permissions ALTER COLUMN id ADD GENERATED BY DEFAULT AS IDENTITY (
    SEQUENCE NAME public.auth_group_permissions_id_seq
    START WITH 1
    INCREMENT BY 1
    NO MINVALUE
    NO MAXVALUE
    CACHE 1
);


--
-- Name: auth_permission; Type: TABLE; Schema: public; Owner: postgres
--

CREATE TABLE public.auth_permission (
    id integer NOT NULL,
    name character varying(255) NOT NULL,
    content_type_id integer NOT NULL,
    codename character varying(100) NOT NULL
);


ALTER TABLE public.auth_permission OWNER TO postgres;

--
-- Name: auth_permission_id_seq; Type: SEQUENCE; Schema: public; Owner: postgres
--

ALTER TABLE public.auth_permission ALTER COLUMN id ADD GENERATED BY DEFAULT AS IDENTITY (
    SEQUENCE NAME public.auth_permission_id_seq
    START WITH 1
    INCREMENT BY 1
    NO MINVALUE
    NO MAXVALUE
    CACHE 1
);


--
-- Name: django_admin_log; Type: TABLE; Schema: public; Owner: postgres
--

CREATE TABLE public.django_admin_log (
    id integer NOT NULL,
    action_time timestamp with time zone NOT NULL,
    object_id text,
    object_repr character varying(200) NOT NULL,
    action_flag smallint NOT NULL,
    change_message text NOT NULL,
    content_type_id integer,
    user_id bigint NOT NULL,
    CONSTRAINT django_admin_log_action_flag_check CHECK ((action_flag >= 0))
);


ALTER TABLE public.django_admin_log OWNER TO postgres;

--
-- Name: django_admin_log_id_seq; Type: SEQUENCE; Schema: public; Owner: postgres
--

ALTER TABLE public.django_admin_log ALTER COLUMN id ADD GENERATED BY DEFAULT AS IDENTITY (
    SEQUENCE NAME public.django_admin_log_id_seq
    START WITH 1
    INCREMENT BY 1
    NO MINVALUE
    NO MAXVALUE
    CACHE 1
);


--
-- Name: django_content_type; Type: TABLE; Schema: public; Owner: postgres
--

CREATE TABLE public.django_content_type (
    id integer NOT NULL,
    app_label character varying(100) NOT NULL,
    model character varying(100) NOT NULL
);


ALTER TABLE public.django_content_type OWNER TO postgres;

--
-- Name: django_content_type_id_seq; Type: SEQUENCE; Schema: public; Owner: postgres
--

ALTER TABLE public.django_content_type ALTER COLUMN id ADD GENERATED BY DEFAULT AS IDENTITY (
    SEQUENCE NAME public.django_content_type_id_seq
    START WITH 1
    INCREMENT BY 1
    NO MINVALUE
    NO MAXVALUE
    CACHE 1
);


--
-- Name: django_migrations; Type: TABLE; Schema: public; Owner: postgres
--

CREATE TABLE public.django_migrations (
    id bigint NOT NULL,
    app character varying(255) NOT NULL,
    name character varying(255) NOT NULL,
    applied timestamp with time zone NOT NULL
);


ALTER TABLE public.django_migrations OWNER TO postgres;

--
-- Name: django_migrations_id_seq; Type: SEQUENCE; Schema: public; Owner: postgres
--

ALTER TABLE public.django_migrations ALTER COLUMN id ADD GENERATED BY DEFAULT AS IDENTITY (
    SEQUENCE NAME public.django_migrations_id_seq
    START WITH 1
    INCREMENT BY 1
    NO MINVALUE
    NO MAXVALUE
    CACHE 1
);


--
-- Name: django_session; Type: TABLE; Schema: public; Owner: postgres
--

CREATE TABLE public.django_session (
    session_key character varying(40) NOT NULL,
    session_data text NOT NULL,
    expire_date timestamp with time zone NOT NULL
);


ALTER TABLE public.django_session OWNER TO postgres;

--
-- Name: holidays_holidayplan; Type: TABLE; Schema: public; Owner: postgres
--

CREATE TABLE public.holidays_holidayplan (
    id bigint NOT NULL,
    title character varying(255) NOT NULL,
    destination character varying(255) NOT NULL,
    start_date date NOT NULL,
    end_date date NOT NULL,
    budget numeric(10,2) NOT NULL,
    travelers integer NOT NULL,
    holiday_type character varying(20) NOT NULL,
    status character varying(20) NOT NULL,
    description text,
    created_at timestamp with time zone NOT NULL,
    updated_at timestamp with time zone NOT NULL,
    user_id bigint NOT NULL,
    CONSTRAINT holidays_holidayplan_travelers_check CHECK ((travelers >= 0))
);


ALTER TABLE public.holidays_holidayplan OWNER TO postgres;

--
-- Name: holidays_holidayplan_id_seq; Type: SEQUENCE; Schema: public; Owner: postgres
--

ALTER TABLE public.holidays_holidayplan ALTER COLUMN id ADD GENERATED BY DEFAULT AS IDENTITY (
    SEQUENCE NAME public.holidays_holidayplan_id_seq
    START WITH 1
    INCREMENT BY 1
    NO MINVALUE
    NO MAXVALUE
    CACHE 1
);


--
-- Name: trips_trip; Type: TABLE; Schema: public; Owner: postgres
--

CREATE TABLE public.trips_trip (
    id bigint NOT NULL,
    destination character varying(255) NOT NULL,
    start_date date NOT NULL,
    end_date date NOT NULL,
    travelers integer NOT NULL,
    budget numeric(10,2) NOT NULL,
    status character varying(20) NOT NULL,
    image character varying(1000) NOT NULL,
    created_at timestamp with time zone NOT NULL,
    user_id bigint NOT NULL,
    CONSTRAINT trips_trip_travelers_check CHECK ((travelers >= 0))
);


ALTER TABLE public.trips_trip OWNER TO postgres;

--
-- Name: trips_trip_id_seq; Type: SEQUENCE; Schema: public; Owner: postgres
--

ALTER TABLE public.trips_trip ALTER COLUMN id ADD GENERATED BY DEFAULT AS IDENTITY (
    SEQUENCE NAME public.trips_trip_id_seq
    START WITH 1
    INCREMENT BY 1
    NO MINVALUE
    NO MAXVALUE
    CACHE 1
);


--
-- Data for Name: Itinerary_itinerary; Type: TABLE DATA; Schema: public; Owner: postgres
--

COPY public."Itinerary_itinerary" (id, day_plan, created_at, trip_id, updated_at, destination_image, ai_model) FROM stdin;
86	# Goa: The Pearl of the Orient - A 9-Day Bespoke Journey\n\nPrepare for an enchanting escapade to Goa, where sun-kissed beaches meet vibrant culture and a laid-back charm embraces luxury. This meticulously crafted 9-day itinerary promises an unforgettable experience, blending iconic landmarks with hidden treasures, exquisite dining, and unparalleled relaxation, all tailored to your discerning taste.\n\n---\n\n## Day 1: Arrival & North Goa Coastal Charms 🏖️\n\n### 🌅 Morning\n- **Arrival in Goa & Luxury Transfer:** Upon your arrival at Dabolim Airport (GOI), a private, air-conditioned luxury SUV awaits to whisk you away to your opulent beachfront resort in North Goa (e.g., W Goa, The Leela Goa North, Taj Exotica Resort & Spa Baga).\n- **Resort Check-in & Relaxation:** Settle into your exquisite suite, enjoy a welcome drink, and take some time to unwind, perhaps with a refreshing dip in your private plunge pool or the resort's stunning infinity pool.\n\n### ☀️ Afternoon\n- **Beachfront Serenity at Vagator:** A leisurely afternoon enjoying the golden sands and dramatic red cliffs of Vagator Beach. Find a secluded spot or enjoy a refreshing cocktail at a high-end beach shack.\n- **Sunset at Chapora Fort:** Ascend to the iconic Chapora Fort, famously known as the "Dil Chahta Hai Fort," to witness a breathtaking panoramic sunset over the Arabian Sea, painting the sky in fiery hues.\n\n### 🌙 Evening\n- **Gourmet Coastal Dining:** Indulge in a sophisticated dinner at a renowned restaurant overlooking the sea, savoring the freshest seafood prepared with a contemporary Goan twist. Consider a private beach dinner setup.\n\n### 🍽 Food Recommendation\n- **Goan Fish Thali:** A wholesome platter featuring fresh fish curry, fried fish, rice, sol kadi, and local vegetables.\n- **Kingfish Rawa Fry:** Succulent kingfish marinated in spices and semolina, then pan-fried to perfection.\n\n### 💡 Travel Tips\n- **Pre-booked Transfers:** Always arrange airport transfers in advance for a seamless and comfortable arrival experience.\n- **Stay Hydrated:** The Goan sun can be intense. Drink plenty of water and fresh tender coconut water throughout the day.\n\n---\n\n## Day 2: North Goa's Bohemian Soul & Market Magic 🛍️\n\n### 🌅 Morning\n- **Anjuna Flea Market Experience (Wednesdays only):** If it's a Wednesday, immerse yourself in the bustling, eclectic atmosphere of the Anjuna Flea Market. Browse for unique souvenirs, artisanal crafts, jewelry, and bohemian fashion.\n- **Alternatively (other days):** Explore the quaint boutiques and art galleries in the charming lanes of Anjuna and Vagator, discovering local craftsmanship.\n\n### ☀️ Afternoon\n- **Morjim Beach & Turtle Spotting (seasonal):** Head to the serene Morjim Beach, often called "Little Russia" for its Russian expatriate community. It's also a protected nesting site for Olive Ridley Sea Turtles (seasonal, usually Oct-Mar). Enjoy a tranquil walk or a relaxing lunch at a beachside shacks.\n- **Kitesurfing or Paddleboarding:** For the adventurous, try your hand at kitesurfing or paddleboarding with a private instructor on the calmer waters of Morjim.\n\n### 🌙 Evening\n- **Sunset at Arambol Beach & Drum Circles:** Venture north to Arambol Beach, known for its bohemian vibe. Witness the vibrant sunset drum circles and fire performers as the day transitions into night.\n- **Dinner at a Cliffside Restaurant:** Enjoy dinner at a restaurant perched on the cliffs, offering spectacular views and a blend of international and local cuisine.\n\n### 🍽 Food Recommendation\n- **Pork Vindaloo:** A fiery Goan curry with Portuguese influences, slow-cooked pork in a tangy, spicy gravy.\n- **Chicken Cafreal:** A vibrant green chicken dish marinated in coriander, mint, green chilies, and Goan spices.\n\n### 💡 Travel Tips\n- **Bargaining at Markets:** Don't hesitate to bargain politely at local markets for the best deals.\n- **Sun Protection:** Always wear high SPF sunscreen, a wide-brimmed hat, and sunglasses, especially during market visits.\n\n---\n\n## Day 3: Heritage, Spice & Mandovi River Sunset 🚤\n\n### 🌅 Morning\n- **Old Goa UNESCO Heritage Tour:** Embark on a journey back in time to Old Goa, the former capital of Portuguese India. Visit the Basilica of Bom Jesus (housing St. Francis Xavier's relics) and the majestic Se Cathedral.\n- **Church of St. Cajetan & St. Augustine Tower:** Explore the grandeur of these historical churches, marveling at their Baroque architecture and the serene atmosphere.\n\n### ☀️ Afternoon\n- **Goan Spice Plantation Tour:** Head inland for an immersive experience at a spice plantation. Learn about various spices, their cultivation, and medicinal properties. Enjoy a traditional Goan lunch served on banana leaves.\n- **Elephant Shower (optional):** At some plantations, you might have the unique opportunity to participate in an elephant shower, a truly memorable experience.\n\n### 🌙 Evening\n- **Luxury Mandovi River Sunset Cruise:** Indulge in a private sunset cruise on the Mandovi River. Enjoy live music, cultural performances, refreshing cocktails, and gourmet snacks as you watch the cityscape of Panjim light up.\n- **Casino Royale Experience:** For those feeling lucky, try your hand at one of Goa's famous offshore casinos on the Mandovi River.\n\n### 🍽 Food Recommendation\n- **Goan Prawn Curry:** A rich, tangy, and mildly spicy curry made with coconut milk and fresh prawns.\n- **Samosa Chole:** A popular street food snack – crispy samosas served with spicy chickpea curry.\n\n### 💡 Travel Tips\n- **Dress Code for Religious Sites:** When visiting churches and temples, ensure you are dressed modestly (shoulders and knees covered).\n- **Book Cruises in Advance:** Especially for private or luxury cruises, booking ahead is essential.\n\n---\n\n## Day 4: Panjim's Portuguese Charm & Artistic Lanes 🎨\n\n### 🌅 Morning\n- **Fontainhas, Latin Quarter Exploration:** Discover Fontainhas, Goa's vibrant Latin Quarter in Panjim. Wander through its narrow, winding lanes adorned with brightly colored Portuguese-style houses, art galleries, and charming cafes.\n- **Our Lady of the Immaculate Conception Church:** Visit the iconic white church in the heart of Panjim, known for its grand staircase and beautiful facade.\n\n### ☀️ Afternoon\n- **Shopping at Panjim Market:** Explore the bustling Panjim Market, a sensory delight. Shop for local produce, Goan spices, cashew nuts, Feni, and traditional Goan sweets.\n- **Art Gallery Hopping:** Panjim boasts several excellent art galleries showcasing local and international artists. Spend time admiring the works and perhaps acquiring a unique piece.\n\n### 🌙 Evening\n- **Feni Distillery Visit & Tasting:** Experience a bespoke tour of a traditional Feni distillery. Learn about the distillation process of this indigenous Goan spirit (made from cashews or coconuts) and enjoy a guided tasting session.\n- **Fine Dining in Panjim:** Savor a luxurious dinner at one of Panjim's high-end restaurants, offering contemporary Goan or international cuisine in an elegant setting.\n\n### 🍽 Food Recommendation\n- **Bebinca:** A traditional Goan layered cake, often called the "queen of Goan desserts," made with coconut milk, sugar, eggs, and ghee.\n- **Goan Sausage Pulao:** A flavorful rice dish cooked with spicy Goan pork sausages.\n\n### 💡 Travel Tips\n- **Walking Shoes:** Wear comfortable shoes for exploring Fontainhas, as it's best experienced on foot.\n- **Responsible Drinking:** Feni is potent; consume responsibly, especially after a distillery visit.\n\n---\n\n## Day 5: Serene South Goa & Luxurious Retreat 🌴\n\n### 🌅 Morning\n- **Scenic Drive to South Goa:** Enjoy a relaxing private transfer from North Goa to your luxurious resort in South Goa (e.g., The Leela Goa, Taj Exotica Resort & Spa, Park Hyatt Goa Resort and Spa). The drive offers glimpses of Goa's greener, quieter side.\n- **Resort Check-in & Spa Indulgence:** Check into your exquisite South Goa retreat. Unwind with a rejuvenating spa treatment or a traditional Ayurvedic massage at the resort's world-class wellness center.\n\n### ☀️ Afternoon\n- **Private Beach Access & Relaxation:** Spend a peaceful afternoon lounging by your resort's private beach or expansive pools. Enjoy personalized service, fresh juices, and the tranquil ambiance.\n- **Gentle Yoga or Meditation Session:** Participate in a private yoga or meditation session offered by your resort, tailored to your preferences, promoting ultimate relaxation.\n\n### 🌙 Evening\n- **Candlelit Dinner by the Beach:** Experience a magical, private candlelit dinner set up on the beach, complete with a dedicated butler, gourmet cuisine, and the soothing sound of the waves.\n- **Live Music or Cultural Performance:** Enjoy an evening of live music, Fado singing, or traditional Goan folk dances presented at your resort.\n\n### 🍽 Food Recommendation\n- **Crab Xec Xec:** A rich and aromatic Goan curry made with roasted spices, coconut, and fresh crab meat.\n- **Sol Kadhi:** A refreshing and digestive drink made from coconut milk and kokum, often served as an aperitif.\n\n### 💡 Travel Tips\n- **Embrace the Tranquility:** South Goa is known for its serene atmosphere. Take this opportunity to truly unwind and disconnect.\n- **Resort Amenities:** Make full use of the luxury amenities your South Goa resort offers, from private beach access to bespoke dining.\n\n---\n\n## Day 6: Hidden Beaches & Dolphin Encounters 🐬\n\n### 🌅 Morning\n- **Dolphin Spotting & Butterfly Beach:** Embark on a private boat trip from Palolem or Agonda Beach. Cruise into the Arabian Sea to spot playful dolphins leaping through the waves. Continue to the secluded Butterfly Beach, a hidden gem accessible only by boat, for snorkeling and relaxation.\n\n### ☀️ Afternoon\n- **Palolem Beach & Kayaking:** Spend the afternoon at the picturesque crescent-shaped Palolem Beach. Enjoy the calm waters with some kayaking or paddleboarding, or simply relax on the soft sands.\n- **Beachside Lunch:** Savor a casual yet delicious lunch at one of Palolem's charming beach shacks, known for their fresh seafood.\n\n### 🌙 Evening\n- **Agonda Beach Sunset & Serene Dining:** Head to Agonda Beach, known for its pristine beauty and quietude. Witness another spectacular Goan sunset, followed by a peaceful dinner at a tranquil beachside restaurant, away from the crowds.\n\n### 🍽 Food Recommendation\n- **Prawn Balchão:** A spicy, tangy, and slightly sweet Goan pickle-like curry, perfect with rice.\n- **Goan Calamari Fry:** Tender calamari rings marinated and deep-fried to a golden crisp.\n\n### 💡 Travel Tips\n- **Book Boat Trips:** Arrange dolphin spotting and Butterfly Beach trips through reputable operators, preferably with private boats for comfort.\n- **Carry Essentials:** For beach excursions, pack swimwear, a towel, sunscreen, and a waterproof bag for your electronics.\n\n---\n\n## Day 7: Dudhsagar Falls & Ancient Temples ⛰️\n\n### 🌅 Morning\n- **Dudhsagar Waterfalls Adventure:** Embark on an exhilarating day trip to Dudhsagar Falls, one of India's tallest waterfalls. A thrilling jeep safari through Mollem National Park will take you to the falls, where you can swim in the natural pool at the base (seasonal).\n- **Bhagwan Mahavir Wildlife Sanctuary:** En route to Dudhsagar, you'll pass through this sanctuary, offering glimpses of Goa's rich biodiversity.\n\n### ☀️ Afternoon\n- **Tambdi Surla Temple - Hidden Gem:** Visit the ancient Mahadev Temple at Tambdi Surla, Goa's oldest surviving Hindu temple, dating back to the 12th century. This exquisite black basalt temple is nestled deep within the Bhagwan Mahavir Wildlife Sanctuary, offering a spiritual and serene experience away from the crowds.\n- **Local Goan Lunch:** Enjoy an authentic Goan lunch at a local eatery near the sanctuary, experiencing home-style cooking.\n\n### 🌙 Evening\n- **Relaxation & Wellness:** Return to your South Goa resort. Enjoy some well-deserved relaxation by the pool, perhaps another spa treatment, or a quiet evening with a book and a drink.\n- **Resort Dining:** Opt for a leisurely dinner at one of your resort's fine dining establishments.\n\n### 🍽 Food Recommendation\n- **Goan Saraswat Thali:** A delicious vegetarian thali reflecting the local Saraswat Brahmin cuisine, often featuring unique vegetable preparations and traditional curries.\n- **Kismur:** A crunchy, spicy Goan salad made with dried shrimp and grated coconut.\n\n### 💡 Travel Tips\n- **Early Start for Dudhsagar:** Begin your trip early to avoid crowds and make the most of your time at the falls.\n- **Wear Comfortable Attire:** For the jeep safari and temple visit, wear comfortable clothing and shoes suitable for walking and light hiking.\n\n---\n\n## Day 8: Serene Backwaters & Cultural Immersion 🛶\n\n### 🌅 Morning\n- **Goan Backwater Kayaking:** Explore the tranquil backwaters of Goa with a private guided kayaking tour. Paddle through lush mangroves, spotting diverse birdlife and experiencing a peaceful side of Goa often unseen by tourists.\n- **Local Village Visit:** Visit a traditional Goan village, interacting with locals, observing their daily life, and perhaps learning about traditional crafts or feni brewing.\n\n### ☀️ Afternoon\n- **Goan Cooking Class:** Participate in a private cooking class focusing on authentic Goan cuisine. Learn to prepare iconic dishes like Fish Curry, Pork Vindaloo, or Chicken Cafreal, and then savor the meal you've prepared.\n- **Leisurely Lunch:** Enjoy the fruits of your labor during the cooking class, or a late lunch at a charming riverside restaurant.\n\n### 🌙 Evening\n- **Sunset Cruise on the Sal River:** Experience a tranquil sunset cruise on the beautiful Sal River in South Goa. This is a quieter, more intimate alternative to the Mandovi cruise, offering stunning natural vistas.\n- **Farewell Dinner:** Indulge in a spectacular farewell dinner at your resort, perhaps a chef's tasting menu or a bespoke culinary experience designed just for you.\n\n### 🍽 Food Recommendation\n- **Tisryo Sukhem (Clams Dry Fry):** Fresh clams stir-fried with grated coconut and Goan spices, a delightful dry preparation.\n- **Pao (Goan Bread):** Soft, fluffy, and freshly baked traditional Goan bread, perfect for soaking up curries.\n\n### 💡 Travel Tips\n- **Eco-Friendly Activities:** Choose tour operators that emphasize sustainable practices for backwater tours and village visits.\n- **Dietary Restrictions:** Inform your cooking class instructor and restaurants in advance about any dietary restrictions or preferences.\n\n---\n\n## Day 9: Departure with Cherished Memories ✈️\n\n### 🌅 Morning\n- **Leisure & Last-Minute Souvenirs:** Enjoy a final leisurely breakfast at your resort. Take some time for a last swim, a walk on the beach, or some final souvenir shopping at the resort boutique or a nearby local shop.\n- **Packing & Check-out:** Relax and prepare for your departure. Your dedicated concierge will assist with check-out procedures.\n\n### ☀️ Afternoon\n- **Private Transfer to Airport:** A luxury SUV will comfortably transfer you from your South Goa resort to Dabolim Airport (GOI), ensuring a smooth and timely departure.\n- **Fond Farewell:** Depart from Goa with a treasure trove of unforgettable memories, vibrant experiences, and a longing to return to the Pearl of the Orient.\n\n### 🌙 Evening\n- **(Travel Day) Journey Home:** Reflect on your luxurious Goan adventure as you embark on your journey home, planning your next bespoke escape.\n\n### 🍽 Food Recommendation\n- **Breakfast at Resort:** Indulge in a lavish breakfast spread at your resort, perhaps featuring local fruits, Goan omelets, and fresh juices.\n- **Goan Sweet Treats:** Pick up some traditional Goan sweets like Dodol or Pinagr to take home as delightful reminders of your trip.\n\n### 💡 Travel Tips\n- **Reconfirm Flights:** Double-check your flight details and airport transfer times 24 hours before departure.\n- **Duty-Free Shopping:** If time permits, explore the duty-free options at the airport for last-minute gifts or personal treats.	2026-06-01 09:49:33.367897+05:30	114	2026-06-01 09:49:33.367897+05:30	https://images.unsplash.com/photo-1512343879784-a960bf40e7f2?crop=entropy&cs=tinysrgb&fit=max&fm=jpg&ixid=M3w5NTQxODl8MHwxfHNlYXJjaHwxfHxnb2F8ZW58MHx8fHwxNzgwMjg3NTQ1fDA&ixlib=rb-4.1.0&q=80&w=1080	gemini-2.5-flash
\.


--
-- Data for Name: Stay_stay; Type: TABLE DATA; Schema: public; Owner: postgres
--

COPY public."Stay_stay" (id, name, destination, price, rating, stay_type, image) FROM stdin;
1	Goa Beach Resort	Goa	₹5,000	4.5	hotel	https://images.unsplash.com/photo-1512343879784-a960bf40e7f2
2	Bolgatty Palace and Island Resort	Kochi	₹3,825	4.3	hotel	https://lh3.googleusercontent.com/gps-cs-s/APNQkAFcKXET2VSqizhoAg79bWttwPiiX62r4JMfc6BJfV5fZ9EwhcS4H2Z-BFfGRJBz_fUdU2mDCujDrise4gJGwV_0QhGftz0t8d8_YANu8K5MupXalcxkDfMe2thpTSbpLIKh=s287-w287-h192-n-k-no-v1
3	Ginger - MG Road, Kochi	Kochi	₹2,540	4.1	hotel	https://lh3.googleusercontent.com/gps-cs-s/APNQkAHYI9pth_mFhvzjk67cm9hZABQTtQhAa8jEkxV3P6GSG_MUDBNkIa2nIvNMg1qFsIG_NKE-AVTmA_rqdq1y_NAS_zD0mI5uWyNXl7XYTdBQiddfYAwIAoj-x5RmCepSzQF7T6K8mw=s287-w287-h192-n-k-no-v1
4	Radisson Blu Hotel, Kochi	Kochi	₹5,813	4.3	hotel	https://lh3.googleusercontent.com/gps-cs-s/APNQkAE5IH9735f2MY-rRRlKgIk_NKZGEI1VlMjE8EC8UQcru67Ogvwmxkx-DK10Wsz_n3XsfFt9klzLRawwURQkDsD-c3T8SePD8Bf5TfweMajLX6mxJNQdS54cVVUX58gEtn--aER8=s287-w287-h192-n-k-no-v1
5	Hotel Cochin Legacy	Kochi	₹1,675	3.3	hotel	https://lh3.googleusercontent.com/gps-cs-s/APNQkAHbrXArezqIMyqcvtK2XY9JlzzrSSpu-Tskm4FP4puzxYZChpJCvRIdvR38njg8BrwG4sG0ouppPjlU-ZXMlm_IHIwMtAyYsLGm5sGZfidmsbWdmeltn7cBwznsGKPSOsvm0fxGQQ=s287-w287-h192-n-k-no-v1
6	Grand Hyatt Kochi Bolgatty	Kochi	₹12,848	4.7	hotel	https://lh3.googleusercontent.com/gps-cs-s/APNQkAEQeu7VDMt0QGXR0mZqI9KBbufraExztlfaXEtrJdi0649I9GLspzhnHN0rLbenGR6WqiIFissCT0fo0RzlLp5yq9cx_L4SdcqBuD4r9XPtlMmSKRO0bPFUfMHyrVkC_t59tkP5=s287-w287-h192-n-k-no-v1
7	Mandaram villas	Koc	₹6,326	4.625	hotel	https://lh6.googleusercontent.com/proxy/ytydNi2DWKUlomNexdMzPo8g9vTv_TyHmWEvtNEJ9pTQzfLbTBPHkxU05RZKvyGrgWQb4QH1-gzNARZ7X9tJyxPmKO2g_7fzfMC4sUf4vnYIh9LjvAEfvHbTNF2rtgd4W8GPi-6DXEIJQD6EcLUWPuq7-FeBuw=s287-w287-h192-n-k-no-v1
8	Grand Hyatt Kochi Bolgatty	Koc	₹12,848	4.7	hotel	https://lh3.googleusercontent.com/gps-cs-s/APNQkAEQeu7VDMt0QGXR0mZqI9KBbufraExztlfaXEtrJdi0649I9GLspzhnHN0rLbenGR6WqiIFissCT0fo0RzlLp5yq9cx_L4SdcqBuD4r9XPtlMmSKRO0bPFUfMHyrVkC_t59tkP5=s287-w287-h192-n-k-no-v1
9	Radisson Blu Hotel, Kochi	Koc	₹5,813	4.3	hotel	https://lh3.googleusercontent.com/gps-cs-s/APNQkAE5IH9735f2MY-rRRlKgIk_NKZGEI1VlMjE8EC8UQcru67Ogvwmxkx-DK10Wsz_n3XsfFt9klzLRawwURQkDsD-c3T8SePD8Bf5TfweMajLX6mxJNQdS54cVVUX58gEtn--aER8=s287-w287-h192-n-k-no-v1
10	StayVista At Aqua | Luxury Villa With Swimming Pool In Kochi	Koc	₹22,017	4.75	hotel	https://lh5.googleusercontent.com/proxy/gXC5WV3QIV3soTvGmeygCY2fVJUKP9It4g28nbw7Fp5ImzPnfk4yaWfUUyve7YWfvQqMW7p2Gx4FLVsNSCzDBxV0BFFayMQeTId30SNAZ1HebJP-Hb3LGIOZNfis79KJ3LSAY4byKEAVMiqtA9u7bKP5OzSmAUg=s287-w287-h192-n-k-no-v1
11	Le Méridien Kochi	Koc	₹7,056	4.4	hotel	https://lh3.googleusercontent.com/gps-cs-s/APNQkAHf-XWzyyF84tq06P8m4fY_8dxGDLFiwOJsNJP5j2sJvVdaHjq1xHTNJqzcX3xG0QPhqsWYIvZ7bIRwGKBee6Wk4ALi_vAA5v7pZEnQaovTZ0OMJNEbAfSRoGJubqaJBfzMk7GeijabKW0=s287-w287-h192-n-k-no-v1
12	Radisson Resort Hatgad Saputara	India	₹14,656	4.7	hotel	https://lh3.googleusercontent.com/gps-cs-s/APNQkAE9SB_dZB0cy4dfT0_kx74CEZ2UFgdvN1X2ugBCMxidUPL4NXSsdUDmztOa8ePiXenJVGcrYQak8KeqDIFj9jzMshFYqt4Ig5BBESVmwADfntkwXT_bB0rbgFBY3_gOKfMGvTkNsMGyhUA=s287-w287-h192-n-k-no-v1
13	Hotel Sarang Palace - Boutique Stays & Candlelight Dining	India	₹2,008	4.4	hotel	https://lh3.googleusercontent.com/gps-cs-s/APNQkAHfNe9YOHPalKw6pxS6LE43H67zGRpu9ROqATJ3-bgkpe-j8yg2wZF9zQ5eYwYwNtYvKTGsd_aaWs7d-AUoybqvEnw7nlGVyZ5NPgOHLsQSO7wSuxgA7wGdubWPc3Bi8yIB9qDE=s287-w287-h192-n-k-no-v1
14	The Park Baga River Goa	India	₹5,965	4.2	hotel	https://lh3.googleusercontent.com/gps-cs-s/APNQkAFTDYbTSAGrpWy7ooVJFoacZY0ZJ5tJSKLWJYpzPAEHEQreY7UB-r2d8S6ZSTL4pppUjCIoGsyJwi-l-kCB8_X55-QzY3kmTawoCB64fkxszytdZe3xVPHfkLvMDaVCBsk8BOcJKA=s287-w287-h192-n-k-no-v1
15	Taj Skyline, Ahmedabad	India	₹8,792	4.5	hotel	https://lh3.googleusercontent.com/gps-cs-s/APNQkAFVT_zlQ4lsXQrOUw7MU1PwNkCRQUiKQXo5Iczy3CvwZpsr2gBvrQwM-AuHxP5Nf_Rwk4hpYHSHI5hRHTBHNkdC3oc9rKtkR4iEqQJR41iBYD95KdeJNhpqDbTyUxGxJG18Tl30myznw68H=s287-w287-h192-n-k-no-v1
16	Fairfield by Marriott Hyderabad Gachibowli	India	₹7,454	4	hotel	https://lh3.googleusercontent.com/gps-cs-s/APNQkAGO0OBug3X_lZhnB0Z4R_JLTFzZPmccMVrMpeSFMeTqwiuEmChV1nIDddyk-lpm6LSc6VTrNCa6_2FTqUcsTO9Uu0CDnJV1DAO0rumTXI9eYzE-YccwtZZOAGwM2rAELfjphyN1JA=s287-w287-h192-n-k-no-v1
17	The Anvaya Beach Resort Bali	Bali	₹10,592	4.7	hotel	https://lh3.googleusercontent.com/gps-cs-s/APNQkAHgezdB0YKDj-fysJ3GjxMTwPL2_5V6u8AKgEVYoMvYs_logKezYHRdSX-6JjShLFQJyMSyeYx-uN6EOiv9ERrZSE_bFz4fYzfT2ctVaZdbCPulcl9B0_1a_v8lTEgHGkeSTEs=s287-w287-h192-n-k-no-v1
18	Māua Nusa Penida	Bali	₹9,411	4.8	hotel	https://lh3.googleusercontent.com/gps-cs-s/APNQkAF-iuMAOY_ezcsQc0ZrYcbLc9E8JdpVkSj-yHao_pwGz-0Ix251UQmRBbV3a8TBT1ij0poYpTROf1i-X2hPGbI1HCuyob7bri6ua3hP-OMb7P2W7UmBsjOijguXd6ehtkWVqFC4Qw=s287-w287-h192-n-k-no-v1
19	The Kuta Beach Heritage Hotel Bali - Dikelola oleh Accor	Bali	₹6,185	4.4	hotel	https://lh3.googleusercontent.com/gps-cs-s/APNQkAEBP5aNog48uzeUlNe_j12juQ_Zgdd1E73r-bE_luUwnl2GDmPloGeQUuya1tdPuA-oG3vez4OdmEKbTIVzevzoaBLRlrQVx5rJ85QTXctIxSV71FNpvoaGJtkZdFfotiDwTAZuPz36kMsg=s287-w287-h192-n-k-no-v1
20	Wyndham Tamansari Jivva Resort Bali	Bali	₹3,765	4.4	hotel	https://lh3.googleusercontent.com/gps-cs-s/APNQkAHSdJHDhnTy48VX4wQjxoux3GROYOVIb7_o0MJx55L9VBNPr2ZQfyIUexqRSYLEmfKAvr3HDn7K1mCvh7DGU7JjmOgwxHzPV84JZhLo0lRdbFhOMyNYv3S44Xh5lBx-RdWwUPlL8YG1fYbq=s287-w287-h192-n-k-no-v1
21	Lavanya Villas Beautiful 1-bedroom Private Pool Villa	Bali	₹9,852	4.65	hotel	https://lh6.googleusercontent.com/proxy/GqC6c3jLO3R_SicmqcY57MV993K8syoI4U_FSBvD3qF17kECRpprBiciuws_9LORfEEMdtpVOm4ZkxXJkugCx_DGOc5n7UX1mE1p9cz7X1n352lPCSWRisC2cj6tO-H-lQ0NkG-jnQGkuiNSPt078FtgMK4LN-g=s287-w287-h192-n-k-no-v1
22	Malabar Heritage Resorts and Spa	Malappuram	₹3,078	4.3	hotel	https://lh3.googleusercontent.com/gps-cs-s/APNQkAGJcjwCKlKggdSMsZidQ7t7FeHNVNkAldlkzBzCt8-Ysr_CJlU_WBAKjkc_73d_Td9423zRWMLHuoU0Xfz3YApe5klfhODAkhSaXqOcDvd95cveUsdw9u-fbI-hJ6eyn0g5lZ_NPg=s287-w287-h192-n-k-no-v1
23	Riverfield. Panoramic River view Villa. Airconditioned.	Malappuram	₹6,261	4	hotel	https://lh4.googleusercontent.com/proxy/2nWte_n_JYF3WXGo-LQ1zVyDwXBZjoYIIgV4-OiM2mNtK3OmNnLINaPX2eQ1oQlpz0co6zjxgtXbqU7s6qyHtk0QDHMv7lV5z56Zoe251dqkOfVdgpb3W8oPr0wiiAB4xwZnh8OSUuH-7FO6oXgfCFNs8aFcNA=s287-w287-h192-n-k-no-v1
24	PMR GRANDAYS HOTEL	Malappuram	₹1,106	4.1	hotel	https://lh3.googleusercontent.com/gps-cs-s/APNQkAG8ol8qW1llbURXynHaXEKswx_wF-XYxI1tBLtaRrftNeWkPffX6UcuG9gQjrsFereJJYQbcWs4fPNZUScBJB0VgmozTHOeaBxI9G2UgHrskFN0lD7718EIonL_vIQsZ1kAxCA=s287-w287-h192-n-k-no-v1
25	Espero	Malappuram	₹3,623	4.9	hotel	https://lh3.googleusercontent.com/gps-cs-s/APNQkAGzkOm-SZ0sb83wLYeGy_5btoiu67W5Ra1brFLRsltcWVjARJVLGRLCuzzVB7KrnDah463hc-9Ev9AzTzHvMdR-DMxUGoa0B7n9S-3A7CnYyf_0SXQU1I5lZuxo70A-BwXpQ0xKjQ=s287-w287-h192-n-k-no-v1
26	Hotel Rydges Inn	Malappuram	₹4,385	4	hotel	https://lh3.googleusercontent.com/gps-cs-s/APNQkAFeYm7jeTkCn8x6-VmHVuMDuRbrMX5SEGMCc3lCVvQds-tBvbQYkqUPe1jjeEqVUEQQjekbgdufBkMuAGO1vpEstVc9rOulezfXiSvZJGwZ2YauNZI_iPFzZrsqDSgxFdSdm7L1gQ=s287-w287-h192-n-k-no-v1
27	The Lalit New Delhi	Delhi	₹8,468	4.4	hotel	https://lh5.googleusercontent.com/proxy/lTiNZXzHKoM4GEg7xUs3V4Nw4at2ut2qki-87PapQeHyg0oXiSve9j0dlmtATrWW7eJA1Ypq1QSBlqaYAA5F145-j3Qz-XmC1Inu22pQ9XgMs8Nhgzj_Fjj7oXMBFqraoBSNG9OmL_blnAq0rdUQEy4BEheBlw=s287-w287-h192-n-k-no-v1
28	The Park	Delhi	₹5,478	4	hotel	https://lh3.googleusercontent.com/gps-cs-s/APNQkAHqQ9jKdeNZMRZiEfvk62uaqZE6_FUyJFD6igRoNne0DXPoQwLvkMbxIZ7M1E1jDSdaNZowmFL0q6bbEnuGLxOIu4osmAh-MWbjocJYy97RNPe3WTyl5R__mh-ggEDE21iC6gI7XNoO0m-P=s287-w287-h192-n-k-no-v1
29	Eros Hotel New Delhi Nehru Place	Delhi	₹6,922	4.3	hotel	https://lh3.googleusercontent.com/gps-cs-s/APNQkAFxE4FHg0KSypLeZXSAhIcl7dD90tAXG3JbniSNVBv6qWXt_0KvlzhbHAYuB4wvqe71JaxNLdOlisz5EoSJWWjPopBSNlE0L9pw8hadluTC2Qq2DwdN4w7n3wAY5HtF1LaXnE8=s287-w287-h192-n-k-no-v1
30	Radisson Blu Marina Hotel, Delhi Connaught Place	Delhi	₹10,725	4.6	hotel	https://lh3.googleusercontent.com/gps-cs-s/APNQkAE67j7sSN0UvScRh13wFUweC55LgY7R4kp1QWa_4qmZnnqbNA1ffVEVDaywWs2j0HvyfhhO6Vtxtciwx2t7HLY3F0bQ0mS03VTo77W14wlJuiD4r5gl3rxr7FdR7CRyirVVqfTMqA=s287-w287-h192-n-k-no-v1
31	The Leela Palace New Delhi - The Capital's Only Modern Palace Hotel	Delhi	₹19,776	4.6	hotel	https://lh3.googleusercontent.com/gps-cs-s/APNQkAGt-hWpK8YofmIj-gQ4snZ0rzC2LbLVPRf3Jt7tvdW9KURRQFOmZMefsrmZFtKpPjujeW-u1NRP3uRt0m8YSCOpc--cvpxu9irj6Rk9CdHTdNwBwuSf9ihmsBDm6YhW7Ev5AJ-3=s287-w287-h192-n-k-no-v1
32	Malabar Heritage Resorts and Spa	Manjeri	₹3,078	4.3	hotel	https://lh3.googleusercontent.com/gps-cs-s/APNQkAGJcjwCKlKggdSMsZidQ7t7FeHNVNkAldlkzBzCt8-Ysr_CJlU_WBAKjkc_73d_Td9423zRWMLHuoU0Xfz3YApe5klfhODAkhSaXqOcDvd95cveUsdw9u-fbI-hJ6eyn0g5lZ_NPg=s287-w287-h192-n-k-no-v1
33	Hotel Gokulam Residency	Manjeri	₹1,675	3.9	hotel	https://lh3.googleusercontent.com/gps-cs-s/APNQkAFnJXik09nT0DbNk_iSfgml2VHmvNEfl9T1gqZ8ozq21KOJq6mx0FB08fDV4v40s4YVpBvvTGGTcyc_Or-64WRBBHut0iJsIsb8ad8N846Uw5FBu9vciyHNK6IABEykWBGn1DY6dg=s287-w287-h192-n-k-no-v1
34	The Terrace by Ladder	Manjeri	₹2,624	4.4	hotel	https://lh3.googleusercontent.com/gps-cs-s/APNQkAGT12AELwDLZjE7CWBxgXDA-_kPxO7SCx3JwqGq9sMvdPPgfqfcxQg9zh3_jZMFKyEWTATRvjSLZW3emU2e0Wl549TtZ0RvXFUO92fqlFnQzyy1_6hzQNvfZZOaoSWoqvmEVPBv9A=s287-w287-h192-n-k-no-v1
35	Itsy Hotels Sapphire Residency	Manjeri	₹1,516	4.9	hotel	https://lh3.googleusercontent.com/gps-cs-s/APNQkAFKjSribHitfUiwqfYlh-8dKv2WE5EHidYqRl25m2mjr2Ab0XW1t-X0lP48nsoZ58uruOnuRIeilNmIvlqROuRiE4Vhf-PsAno2oDC-lecB0CUKdOqSePatXe-HRqp224wKxj-L=s287-w287-h192-n-k-no-v1
36	Vilstay Premium - Manikarnika Boutique Resort	Manjeri	₹3,511	5	hotel	https://lh3.googleusercontent.com/gps-cs-s/APNQkAHzLEWxp1WDnNBbgCeJQSDfHUoHyd3G2ypp5hrFebbj5_325XDAEsFsfPdy-E-vw_9oqj8xVLX5I2KdmImJcWOJ07iEdXowE06OEzt9k-aixMRlgzI2JguxwfrpRpU8ge7Mk9-Hnr0_1c48=s287-w287-h192-n-k-no-v1
37	De 80's Genteng Ijo	Indon	₹1,187	3.75	hotel	https://lh3.googleusercontent.com/proxy/IHKp3TH14N2TpuYHAvJRB-mHVuXalhSuen4MGwHFyEFKs-bEpP0nmK0bcWC4rzBI0x_tN-B70lmk9fDK7MC4OkImM28r7xN6R1ODaVbBca1GeNeS8g5ADyIN3jY-LwCilaAZr9PlzilmB9I70D0VR1lTe2Hexw=s287-w287-h192-n-k-no-v1
38	The Pandawa Hills Ceningan - Twin Room with Balcony	Indon	₹1,625	4.6860814	hotel	https://lh4.googleusercontent.com/proxy/ETkP7Q3t_Gin0hHQel7hofRaIivtYL32pEnWpsVky1JfM8KdOwOaxdiWWJPgLgjhr5bJuXM_Mm_hzhXb5-Xl8KXClDlpEnGJuTqVBWXOM_8ncSf4rsvB2uIXo19PL3AtEz-8A1-j60SPd4PCL_os4Xd0CXdgEg=s287-w287-h192-n-k-no-v1
39	Agrowisata Kopeng Gunungsari - Two-Bedroom Chalet	Indon	₹3,197	4.45	hotel	https://lh6.googleusercontent.com/proxy/GDHCih91azk41IUHEZKcbTmf3QmXANsH3ZDujTyac_M1TKMtNgSJIha0kb5B8osYSnw7TH2R6pzTpM0fkYEEdUpH5n7pX5Aq-l_NpWBgFqOiO5qMe-J0GbsJZzkEEuyPBFiSYmJoYP-E1ylIQUHKQZMfH8ueVA=s287-w287-h192-n-k-no-v1
40	Gama's Villa	Indon	₹3,108	4.8611846	hotel	https://lh3.googleusercontent.com/proxy/9z7CguSStUcPDbOcVmMRSm9YzEdQW1Z1NW-YuqjQNW2kPCR7IZSVVaft-QUFs-B8qhVyFGSp5VpISPYG-6ghjZqmEOzEKrTSAGz_VO21uLnCvvO-oHodQfhRG7GhbGD9W2HpWt7vk2ZX62VEQYcnb0zp0HO3Vw=s287-w287-h192-n-k-no-v1
41	The Suites Metro Apartment - King Property	Indon	₹1,135	4.096488	hotel	https://lh5.googleusercontent.com/proxy/1Sg6G2b-bJlGZY2K5QrGeIV8kVxf5XH3YrBzfYeRPksZOtHBjOMKXi3fZf7CE9-KV9IC17g6m3S1vqAU9jXNTsE9yWcBuV0z-st1gF15XtmRrtmz3AUG8M3K99VuPjP3i-kEgygpgZZxGPRnOUY24GGPyBSbiQ=s287-w287-h192-n-k-no-v1
42	Grand Hyatt Kochi Bolgatty	Kerala	₹12,904	4.7	hotel	https://lh3.googleusercontent.com/gps-cs-s/APNQkAFRjgQDxTEvt0xHWJX8lYxaVdzgsIzeP2Ghj2E5pVTghXQw5j_uswGdd7nSnpgPxfrWFJOesi5jnmT9xiINaD5cXwETaRWN16PBTXEdcgrKfNM8EmXLNUsj25wdsO5NtrxcbAv8=s287-w287-h192-n-k-no-v1
43	Abad Whispering Palms | Resort in Kumarakom	Kerala	₹7,757	4.4	hotel	https://lh3.googleusercontent.com/gps-cs-s/APNQkAGxQGTV4iyxFstyICTspb4JBmF7Z5o5jMHZEI2unR2-ywZij5yTvSV09egvdQgd_NuW7vj8aZQJoMmgkZ23QUdwk3RUargTCdd9gtN5sklO1GcLGr2k_jPoKMMVS64ewie8q6Mf=s287-w287-h192-n-k-no-v1
44	Rhythm Kumarakom	Kerala	₹7,493	4.5	hotel	https://lh3.googleusercontent.com/gps-cs-s/APNQkAFCl_Y2nK_95wHWo_l1s4GxcjcmNsXvjW_82T7rmRrj0voe5MmVyMZRfl5o-pr-lc-pUJL3mfA5QQHvEPKrF0_kDV6qrWWJ5k-bvjMW99s-7e12_F5E7uhJl3H4xPCoHqWy6YUhrg=s287-w287-h192-n-k-no-v1
45	The Leela Kovalam, a Raviz Hotel	Kerala	₹14,983	4.6	hotel	https://lh3.googleusercontent.com/gps-cs-s/APNQkAE067P43-LEaje8AshF8rne9QcgFzi1hxeK2tkAtKboJS7yV0ADjwK9hzdagAhtpnzjOHpLF7s7u-BRKpbxzwWn8vxplsap-reOgibi11SqFw-7abzt5v7Uwagej5aVXQNVVSZKFQ=s287-w287-h192-n-k-no-v1
46	Radisson Blu Hotel, Kochi	Kerala	₹5,782	4.3	hotel	https://lh3.googleusercontent.com/gps-cs-s/APNQkAGrUbnX-MRmnkdJyPZVRJ4oJH78HKL3oDzdeMuxtEgdlqBAfMfIzEpLZh8UUz5DDJiHKWyQDLdb_WEZFJ02LNpKdjFPAuaNz9gV6wxbQG-aVw5q0WtwAoFCPBmAPt9UcJhIMVqo=s287-w287-h192-n-k-no-v1
47	Jk home stay	Sultan Bathery	₹2,159	4	hotel	https://lh5.googleusercontent.com/proxy/TURo8gkH8HnDGlwcushqU9JS0D0dTkvOUc0szoqPn8bD9G2NeSwF8zaYMdFkUoVPQnpg2gfbOsmIvQXl4jeIx9vrKXRYP8uxgCzRzUcxsWj2-huxbEDqXeZPiNbmSa4uWlIV38IlJv5DUrh765jOJtR6Thdr-RU=s287-w287-h192-n-k-no-v1
48	Senthamarai villa - Two-Bedroom House	Sultan Bathery	₹3,755	4	hotel	https://lh3.googleusercontent.com/proxy/TJwqCl0nlVQDg3pTGF0BHGThlaCUeRJm7NJ4XgVPCNK2mZ_rclViurwg3RCcidIZVI6AlLzRK9wwIHBWTM1jhTS-HET4K0TmuxqqJ13L-bPQ_q4ZVn4OYvad13mnnMmkaALz0ZplnNGqd6y8cWYP06vrm-CZjw=s287-w287-h192-n-k-no-v1
49	Tapovan Farm House - Deluxe Quadruple Room	Sultan Bathery	₹3,426	4.65	hotel	https://lh4.googleusercontent.com/proxy/BsP6lIsm5i49vBVIYdP9oLhCvIyNH2rJ4WCREkdvz-VQFCpIOCSw6Aog6BuHVf8N6sAs_CoTiJdLsYGzJpvv4PpcfcPrhN3p75h3Tlyw1zPUvTbNm5sZOLjD0M0nXy83NYPDwm4HKLCRrYGyeNHbFyCJqKKUa74=s287-w287-h192-n-k-no-v1
50	Vathika Villa	Sultan Bathery	₹3,124	4.75	hotel	https://lh5.googleusercontent.com/proxy/Fr75Iz4cZqsLl8X4620Zin5BzCjd69gIWVZCVB5KuOC9pNOYV7XD35jZiJQb-WYyzdAWcxqWIH_kN8RaujKhKFhjQEeW0Zlx__XcOaA3E57ocYcYxYcH7Ex-mkUoXWneBxZA1YiUFZwk5alivhomjdNMKHPnnw=s287-w287-h192-n-k-no-v1
51	Hotel Mint Flower	Sultan Bathery	₹1,463	4.1	hotel	https://lh3.googleusercontent.com/gps-cs-s/APNQkAHVubp90FBRMC7aT_Cc2OTFlWzMh61VZEdAQ7LYvDw6JCZXNa_w4StxCW4voXtl9w1eFnkmC6CAByt4U0dp9Vrs4BQFuqv2hCF_jGhHRWscm5eIx7Np2Stl3HIUHLRzQTpMpy9M=s287-w287-h192-n-k-no-v1
52	Luxury Beach Side Villa - private beach, outstanding exclusive chef and staff	Bail	₹27,954	5	hotel	https://lh4.googleusercontent.com/proxy/Bz1TMJ-DIzywDIU6k7QwR1Eqi9KMX05ugNA24ZZJYSEE8_OmA_075_dwRTFVai13gZ3hmRUnBFh4NQom3ao1QkFQABXxdB4ts_C5ucsqOtqWaOhnKWSg6EvddyMcWGJslcuSr8OjC4PfvL5ssFms6PGhoyp4CQ=s287-w287-h192-n-k-no-v1
53	Kottawa Boutique villa-One bedroom villa with private pool	Bail	₹5,914	4.76	hotel	https://lh6.googleusercontent.com/proxy/MYPbt9uz0OT6tLpY-TdgUftHWng4BZwtSmPq6AuN_ZPSFZHMx0_1k2Yz3B89j9SA0hXcFPEtKHbrlp40E917m2TJPq4l9Oos0E2zNM0i4nkDRspsOHELGGBPzPp-8Mu4xnc2TAWkwT5N1bg-RbLT1P3yZczi7A=s287-w287-h192-n-k-no-v1
54	Radisson Resort Hatgad Saputara	Bail	₹12,213	4.7	hotel	https://lh3.googleusercontent.com/gps-cs-s/APNQkAESkoH2XggM0LSezXIZTCECEwyqSnlJrUA_LcwxJWLcJt2io8vo6FlxfLVRoQ1GRv4V4cgJbLFX-gAGKTcUkHfTD_RsLrfvdlsCpKvbF7AyoCpvDrjbAIuAqqeiX99oy7xDg5gUuqBRMj8=s287-w287-h192-n-k-no-v1
55	Dolphin Hotel	Bail	₹3,761	4.4	hotel	https://lh3.googleusercontent.com/gps-cs-s/APNQkAFIBGt_G60aZNb0Eee2ktyjKJN7NthvG_lix1XaUL3m8rz-GJu3DqSiAIzYifRxuQRQDy8kcEt5GKKFhssfPvn7twxdEixy61v4kvMI7_lMrV3c9adDVduIqC-gH6y9JUn1q1B1PA=s287-w287-h192-n-k-no-v1
56	Moustache Goa Luxuria	Bail	₹1,093	4.3	hotel	https://lh3.googleusercontent.com/gps-cs-s/APNQkAHzUI3oJrac-_FG2Wo1hUZfhSbMR6B9ViTVz2Hx0TSeJrINR7nnRwRwsjeMU5F1w6PxQavzykYx6c5qGmUsO-NdUX6MsmP9m_JZuxjOZ-niEMrOIfElmM2d2y_LDq5ixAPcYN-c7Q=s287-w287-h192-n-k-no-v1
57	Hotel Sahara Star	Mumbai	₹9,258	4.3	hotel	https://lh3.googleusercontent.com/gps-cs-s/APNQkAG6JfkbTV4VhGhPOfz11OO9OySDQklCexukkJBbkUOOmtAWIqlTdybIMme9p4j02hX8pFO1ro4twyo--PS3SpiyBvIDE2eokN8l6uuySJkhYuDTYeKRPHEcXTMp514uZusnX-NEkA=s287-w287-h192-n-k-no-v1
58	Hotel Milan International	Mumbai	₹1,311	3.7	hotel	https://lh3.googleusercontent.com/gps-cs-s/APNQkAG2dXKd_bg-pX4-mT4KIZI5YpHH1q_a9FGcEH_2yqJQtKYmXpRuKHxP1IYIeah-Zofbo1pt1lieP6-8hLNJI7mEs1tbF5kXDF6qtKf-GMY_1ytGB9ZYyxd9GXhpa_sTn0N362kXgg=s287-w287-h192-n-k-no-v1
59	The Oberoi, Mumbai	Mumbai	₹19,765	4.7	hotel	https://lh3.googleusercontent.com/gps-cs-s/APNQkAFUKBFB1KM5PNBUl4gWbAM8KgoUtNBP5uWizzIEBtT_kacpAFTqqXmCse1QQNNRRcDPcyA-qUfG6L22cRSeBjR4XPGdVKYo2IE1epSe43vM58EOkkGZZECr6Z4zpEl0ZDVPi07wJg=s287-w287-h192-n-k-no-v1
60	Taj Mahal Tower, Mumbai	Mumbai	₹19,001	4.7	hotel	https://lh3.googleusercontent.com/gps-cs-s/APNQkAHPMZ7QBGZ8pQXb2F1VZtufC8wrwW4WTBQHPilQbzX2UXJzFrqFc1dKPEZU6KCpnGsGPpFEsCoQ9kdryUcA_JBzZnJXOQyozPKdy-lXd3xaNCjwMfLxxtr0PnIhsOVcyLA3GqTN4QO82G0m=s287-w287-h192-n-k-no-v1
61	The Taj Mahal Palace, Mumbai	Mumbai	₹23,009	4.7	hotel	https://lh3.googleusercontent.com/gps-cs-s/APNQkAEHdSlyEryIQM8MaVsntWWvapJDj7ziMFal2EYHLYr9qoOuBqCR_vG-_f-kxm0WDKXeCAiJQrrAXit-5OGVp6qiT-v4CAPDi2_3eWUlTEXnOQjinXOg9jKP44jFs8-2BFp25Ys6DUbORl75=s287-w287-h192-n-k-no-v1
\.


--
-- Data for Name: accounts_user; Type: TABLE DATA; Schema: public; Owner: postgres
--

COPY public.accounts_user (id, password, last_login, is_superuser, is_staff, is_active, date_joined, first_name, last_name, email, phone, is_verified, otp, full_name, profile_image, location) FROM stdin;
3	pbkdf2_sha256$1200000$a2m4MtzqvHerBadLr3HffY$/lC2zOTOK4YWfyag579alOrp+i4Ho5GiLT2j+WsdUPU=	\N	f	f	t	2026-05-11 10:32:23.830669+05:30			mhdsahil8910@gmail.com	8075834041	t	\N	Mohammed Sahil	\N	\N
8	pbkdf2_sha256$1200000$p2cIPifKl608Kinv5Z2ise$TRM2rDQUQNY0rDjCvsfMMf1nrkYXpoLS3SgOkgZurZE=	\N	t	t	t	2026-05-23 16:15:14.344819+05:30			jithinsankar2005@gmail.com		f	\N			\N
5		\N	f	f	t	2026-05-11 15:09:31.357265+05:30			jithinsankar892@gmail.com	08110824821	t	\N	Jithin	profiles/Screenshot_2026-05-11_115406.png	Kochi
6	pbkdf2_sha256$1200000$mbs9zwHZSmBZgbawt6wYHX$Vg4hXIbZStubx5XhrJrhTrgc7kqEK6T7yOrwHcSM0fE=	\N	f	f	t	2026-05-15 10:39:49.140177+05:30			jithinsankar012@gmail.com	8110824821	t	\N	Jithin	profiles/Screenshot_2026-01-09_181302.png	\N
9	pbkdf2_sha256$1200000$4OIbjFD5N5mTpbtuaU9m72$FiZK99MPP9NN0tdtqpAliFpELdzRI9aD03/qGSE7VJ0=	\N	f	f	t	2026-06-01 09:45:02.069022+05:30			Ashinkppyd@gmail.com	8943379345	t	\N	Ashin kp		manjeri
7	pbkdf2_sha256$1200000$iRTZ0AHQeJdt69S9TCOYsQ$Lnm0KnuyJW7IwT+t1zOjoB+rxXV5Zvt6BLJxAaxO4Y8=	\N	f	f	t	2026-05-21 10:21:58.13924+05:30			s84896329@gmail.com	9876543211	t	\N	Najeer	profiles/home.jpg	manjeri
\.


--
-- Data for Name: accounts_user_groups; Type: TABLE DATA; Schema: public; Owner: postgres
--

COPY public.accounts_user_groups (id, user_id, group_id) FROM stdin;
\.


--
-- Data for Name: accounts_user_user_permissions; Type: TABLE DATA; Schema: public; Owner: postgres
--

COPY public.accounts_user_user_permissions (id, user_id, permission_id) FROM stdin;
\.


--
-- Data for Name: auth_group; Type: TABLE DATA; Schema: public; Owner: postgres
--

COPY public.auth_group (id, name) FROM stdin;
\.


--
-- Data for Name: auth_group_permissions; Type: TABLE DATA; Schema: public; Owner: postgres
--

COPY public.auth_group_permissions (id, group_id, permission_id) FROM stdin;
\.


--
-- Data for Name: auth_permission; Type: TABLE DATA; Schema: public; Owner: postgres
--

COPY public.auth_permission (id, name, content_type_id, codename) FROM stdin;
1	Can add log entry	1	add_logentry
2	Can change log entry	1	change_logentry
3	Can delete log entry	1	delete_logentry
4	Can view log entry	1	view_logentry
5	Can add permission	3	add_permission
6	Can change permission	3	change_permission
7	Can delete permission	3	delete_permission
8	Can view permission	3	view_permission
9	Can add group	2	add_group
10	Can change group	2	change_group
11	Can delete group	2	delete_group
12	Can view group	2	view_group
13	Can add content type	4	add_contenttype
14	Can change content type	4	change_contenttype
15	Can delete content type	4	delete_contenttype
16	Can view content type	4	view_contenttype
17	Can add session	5	add_session
18	Can change session	5	change_session
19	Can delete session	5	delete_session
20	Can view session	5	view_session
21	Can add user	6	add_user
22	Can change user	6	change_user
23	Can delete user	6	delete_user
24	Can view user	6	view_user
25	Can add trip	7	add_trip
26	Can change trip	7	change_trip
27	Can delete trip	7	delete_trip
28	Can view trip	7	view_trip
29	Can add holiday plan	8	add_holidayplan
30	Can change holiday plan	8	change_holidayplan
31	Can delete holiday plan	8	delete_holidayplan
32	Can view holiday plan	8	view_holidayplan
33	Can add itinerary	9	add_itinerary
34	Can change itinerary	9	change_itinerary
35	Can delete itinerary	9	delete_itinerary
36	Can view itinerary	9	view_itinerary
37	Can add stay	10	add_stay
38	Can change stay	10	change_stay
39	Can delete stay	10	delete_stay
40	Can view stay	10	view_stay
\.


--
-- Data for Name: django_admin_log; Type: TABLE DATA; Schema: public; Owner: postgres
--

COPY public.django_admin_log (id, action_time, object_id, object_repr, action_flag, change_message, content_type_id, user_id) FROM stdin;
\.


--
-- Data for Name: django_content_type; Type: TABLE DATA; Schema: public; Owner: postgres
--

COPY public.django_content_type (id, app_label, model) FROM stdin;
1	admin	logentry
2	auth	group
3	auth	permission
4	contenttypes	contenttype
5	sessions	session
6	accounts	user
7	trips	trip
8	holidays	holidayplan
9	Itinerary	itinerary
10	Stay	stay
\.


--
-- Data for Name: django_migrations; Type: TABLE DATA; Schema: public; Owner: postgres
--

COPY public.django_migrations (id, app, name, applied) FROM stdin;
1	contenttypes	0001_initial	2026-05-08 15:42:22.021051+05:30
2	contenttypes	0002_remove_content_type_name	2026-05-08 15:42:22.034229+05:30
3	auth	0001_initial	2026-05-08 15:42:22.093006+05:30
4	auth	0002_alter_permission_name_max_length	2026-05-08 15:42:22.098101+05:30
5	auth	0003_alter_user_email_max_length	2026-05-08 15:42:22.10136+05:30
6	auth	0004_alter_user_username_opts	2026-05-08 15:42:22.107214+05:30
7	auth	0005_alter_user_last_login_null	2026-05-08 15:42:22.113071+05:30
8	auth	0006_require_contenttypes_0002	2026-05-08 15:42:22.115988+05:30
9	auth	0007_alter_validators_add_error_messages	2026-05-08 15:42:22.118686+05:30
10	auth	0008_alter_user_username_max_length	2026-05-08 15:42:22.125324+05:30
11	auth	0009_alter_user_last_name_max_length	2026-05-08 15:42:22.134625+05:30
12	auth	0010_alter_group_name_max_length	2026-05-08 15:42:22.141033+05:30
13	auth	0011_update_proxy_permissions	2026-05-08 15:42:22.145548+05:30
14	auth	0012_alter_user_first_name_max_length	2026-05-08 15:42:22.153163+05:30
15	accounts	0001_initial	2026-05-08 15:42:22.202178+05:30
16	admin	0001_initial	2026-05-08 15:42:22.237272+05:30
17	admin	0002_logentry_remove_auto_add	2026-05-08 15:42:22.245296+05:30
18	admin	0003_logentry_add_action_flag_choices	2026-05-08 15:42:22.250763+05:30
19	sessions	0001_initial	2026-05-08 15:42:22.267167+05:30
20	accounts	0002_remove_user_username_user_full_name_and_more	2026-05-11 10:12:26.064408+05:30
22	trips	0002_remove_trip_end_date_remove_trip_hotel_and_more	2026-05-13 10:26:52.486098+05:30
23	accounts	0003_user_profile_image	2026-05-13 11:23:42.768522+05:30
24	accounts	0004_user_location	2026-05-13 12:31:40.983966+05:30
25	holidays	0001_initial	2026-05-15 12:10:47.382+05:30
26	trips	0001_initial	2026-05-16 13:01:36.403608+05:30
27	trips	0002_alter_trip_image	2026-05-18 14:49:32.284444+05:30
28	Itinerary	0001_initial	2026-05-19 10:21:14.944333+05:30
29	Itinerary	0002_itinerary_updated_at	2026-05-19 11:49:03.947413+05:30
30	Itinerary	0003_itinerary_destination_image	2026-05-19 12:45:12.072205+05:30
31	Stay	0001_initial	2026-05-20 12:18:15.964486+05:30
32	accounts	0005_alter_user_managers	2026-05-23 16:14:37.25815+05:30
33	accounts	0006_alter_user_managers	2026-05-23 16:23:39.260498+05:30
34	Itinerary	0004_itinerary_accommodation_data_and_more	2026-05-26 11:58:13.591781+05:30
35	Itinerary	0005_remove_itinerary_accommodation_data_and_more	2026-05-26 12:06:02.960082+05:30
36	Itinerary	0006_alter_itinerary_destination_image	2026-05-26 12:06:03.032737+05:30
\.


--
-- Data for Name: django_session; Type: TABLE DATA; Schema: public; Owner: postgres
--

COPY public.django_session (session_key, session_data, expire_date) FROM stdin;
ft54qs6oty3bij2qfnan4w5xj2uzjiql	.eJxNyzsOhCAUheG93NpM4CoGraaeTZgbRcXhYYDJFIa9C53td_5zQVCbjkmFaaFEMF6w_oyZHFkFI3x02rWL5L4UoAFlSZvCx4ORMfHe6vCavS3RuXtXv5JzJrGTyCtSjH8fluIc204U8umsVY9DyyDnG8YbK4o:1wMKPE:cyZaS5XPPHBfzCUe-eOKzUJIlEUBXpz6q_07OhgBlS4	2026-05-25 12:16:20.41225+05:30
32ur4w7ukmfs8z333sgelxi0l8zviokj	.eJxdy80OgyAQBOB32bMxsIKhnvomZlMp0vJjAOPB8O6Fa4_zzcwNSRubi07rRoVgueF9OrcG8hoW-Niy25ApfCnBANqTdX-MjMmn6cX4ir6Njj2G_lWcM4VCIe9IOV8xbc05TkI2iuVoaUYlHgi1_gDTeyut:1wMKQm:g0uPB-LslkqHKdGnE7RjMZtSAXtStVPYSKTYn7WhP2Y	2026-05-25 12:17:56.519843+05:30
5k9jhoyhle36c8vzg3puw90fmzaw7k2h	.eJwdy80OgyAQBOB32bNpYJGInnruS5hNpYrlxwBND8Z379LjfDNzQrarK9XmeaFKMJ3w-ng_RwoWJni4urkIHdhAzjPsfygU35RRCH1fW3F7psCjY0uxvYyUwmBvUDakUr4pL-wSVa-ZUj046WFUCuG6fn6CKQs:1wMKW7:R9eo329iJ1p_UmX5tgobHZgMPI3APT9yj10n9AIex7I	2026-05-25 12:23:27.322471+05:30
\.


--
-- Data for Name: holidays_holidayplan; Type: TABLE DATA; Schema: public; Owner: postgres
--

COPY public.holidays_holidayplan (id, title, destination, start_date, end_date, budget, travelers, holiday_type, status, description, created_at, updated_at, user_id) FROM stdin;
\.


--
-- Data for Name: trips_trip; Type: TABLE DATA; Schema: public; Owner: postgres
--

COPY public.trips_trip (id, destination, start_date, end_date, travelers, budget, status, image, created_at, user_id) FROM stdin;
114	goa	2026-06-02	2026-06-10	2	100000.00	planned	https://images.unsplash.com/photo-1512343879784-a960bf40e7f2?crop=entropy&cs=tinysrgb&fit=max&fm=jpg&ixid=M3w5NTQxODl8MHwxfHNlYXJjaHwxfHxnb2F8ZW58MHx8fHwxNzgwMjg3NTQ1fDA&ixlib=rb-4.1.0&q=80&w=1080	2026-06-01 09:49:06.479144+05:30	9
\.


--
-- Name: Itinerary_itinerary_id_seq; Type: SEQUENCE SET; Schema: public; Owner: postgres
--

SELECT pg_catalog.setval('public."Itinerary_itinerary_id_seq"', 86, true);


--
-- Name: Stay_stay_id_seq; Type: SEQUENCE SET; Schema: public; Owner: postgres
--

SELECT pg_catalog.setval('public."Stay_stay_id_seq"', 61, true);


--
-- Name: accounts_user_groups_id_seq; Type: SEQUENCE SET; Schema: public; Owner: postgres
--

SELECT pg_catalog.setval('public.accounts_user_groups_id_seq', 1, false);


--
-- Name: accounts_user_id_seq; Type: SEQUENCE SET; Schema: public; Owner: postgres
--

SELECT pg_catalog.setval('public.accounts_user_id_seq', 9, true);


--
-- Name: accounts_user_user_permissions_id_seq; Type: SEQUENCE SET; Schema: public; Owner: postgres
--

SELECT pg_catalog.setval('public.accounts_user_user_permissions_id_seq', 1, false);


--
-- Name: auth_group_id_seq; Type: SEQUENCE SET; Schema: public; Owner: postgres
--

SELECT pg_catalog.setval('public.auth_group_id_seq', 1, false);


--
-- Name: auth_group_permissions_id_seq; Type: SEQUENCE SET; Schema: public; Owner: postgres
--

SELECT pg_catalog.setval('public.auth_group_permissions_id_seq', 1, false);


--
-- Name: auth_permission_id_seq; Type: SEQUENCE SET; Schema: public; Owner: postgres
--

SELECT pg_catalog.setval('public.auth_permission_id_seq', 40, true);


--
-- Name: django_admin_log_id_seq; Type: SEQUENCE SET; Schema: public; Owner: postgres
--

SELECT pg_catalog.setval('public.django_admin_log_id_seq', 1, false);


--
-- Name: django_content_type_id_seq; Type: SEQUENCE SET; Schema: public; Owner: postgres
--

SELECT pg_catalog.setval('public.django_content_type_id_seq', 10, true);


--
-- Name: django_migrations_id_seq; Type: SEQUENCE SET; Schema: public; Owner: postgres
--

SELECT pg_catalog.setval('public.django_migrations_id_seq', 36, true);


--
-- Name: holidays_holidayplan_id_seq; Type: SEQUENCE SET; Schema: public; Owner: postgres
--

SELECT pg_catalog.setval('public.holidays_holidayplan_id_seq', 1, false);


--
-- Name: trips_trip_id_seq; Type: SEQUENCE SET; Schema: public; Owner: postgres
--

SELECT pg_catalog.setval('public.trips_trip_id_seq', 114, true);


--
-- Name: Itinerary_itinerary Itinerary_itinerary_pkey; Type: CONSTRAINT; Schema: public; Owner: postgres
--

ALTER TABLE ONLY public."Itinerary_itinerary"
    ADD CONSTRAINT "Itinerary_itinerary_pkey" PRIMARY KEY (id);


--
-- Name: Itinerary_itinerary Itinerary_itinerary_trip_id_key; Type: CONSTRAINT; Schema: public; Owner: postgres
--

ALTER TABLE ONLY public."Itinerary_itinerary"
    ADD CONSTRAINT "Itinerary_itinerary_trip_id_key" UNIQUE (trip_id);


--
-- Name: Stay_stay Stay_stay_pkey; Type: CONSTRAINT; Schema: public; Owner: postgres
--

ALTER TABLE ONLY public."Stay_stay"
    ADD CONSTRAINT "Stay_stay_pkey" PRIMARY KEY (id);


--
-- Name: accounts_user accounts_user_email_key; Type: CONSTRAINT; Schema: public; Owner: postgres
--

ALTER TABLE ONLY public.accounts_user
    ADD CONSTRAINT accounts_user_email_key UNIQUE (email);


--
-- Name: accounts_user_groups accounts_user_groups_pkey; Type: CONSTRAINT; Schema: public; Owner: postgres
--

ALTER TABLE ONLY public.accounts_user_groups
    ADD CONSTRAINT accounts_user_groups_pkey PRIMARY KEY (id);


--
-- Name: accounts_user_groups accounts_user_groups_user_id_group_id_59c0b32f_uniq; Type: CONSTRAINT; Schema: public; Owner: postgres
--

ALTER TABLE ONLY public.accounts_user_groups
    ADD CONSTRAINT accounts_user_groups_user_id_group_id_59c0b32f_uniq UNIQUE (user_id, group_id);


--
-- Name: accounts_user accounts_user_pkey; Type: CONSTRAINT; Schema: public; Owner: postgres
--

ALTER TABLE ONLY public.accounts_user
    ADD CONSTRAINT accounts_user_pkey PRIMARY KEY (id);


--
-- Name: accounts_user_user_permissions accounts_user_user_permi_user_id_permission_id_2ab516c2_uniq; Type: CONSTRAINT; Schema: public; Owner: postgres
--

ALTER TABLE ONLY public.accounts_user_user_permissions
    ADD CONSTRAINT accounts_user_user_permi_user_id_permission_id_2ab516c2_uniq UNIQUE (user_id, permission_id);


--
-- Name: accounts_user_user_permissions accounts_user_user_permissions_pkey; Type: CONSTRAINT; Schema: public; Owner: postgres
--

ALTER TABLE ONLY public.accounts_user_user_permissions
    ADD CONSTRAINT accounts_user_user_permissions_pkey PRIMARY KEY (id);


--
-- Name: auth_group auth_group_name_key; Type: CONSTRAINT; Schema: public; Owner: postgres
--

ALTER TABLE ONLY public.auth_group
    ADD CONSTRAINT auth_group_name_key UNIQUE (name);


--
-- Name: auth_group_permissions auth_group_permissions_group_id_permission_id_0cd325b0_uniq; Type: CONSTRAINT; Schema: public; Owner: postgres
--

ALTER TABLE ONLY public.auth_group_permissions
    ADD CONSTRAINT auth_group_permissions_group_id_permission_id_0cd325b0_uniq UNIQUE (group_id, permission_id);


--
-- Name: auth_group_permissions auth_group_permissions_pkey; Type: CONSTRAINT; Schema: public; Owner: postgres
--

ALTER TABLE ONLY public.auth_group_permissions
    ADD CONSTRAINT auth_group_permissions_pkey PRIMARY KEY (id);


--
-- Name: auth_group auth_group_pkey; Type: CONSTRAINT; Schema: public; Owner: postgres
--

ALTER TABLE ONLY public.auth_group
    ADD CONSTRAINT auth_group_pkey PRIMARY KEY (id);


--
-- Name: auth_permission auth_permission_content_type_id_codename_01ab375a_uniq; Type: CONSTRAINT; Schema: public; Owner: postgres
--

ALTER TABLE ONLY public.auth_permission
    ADD CONSTRAINT auth_permission_content_type_id_codename_01ab375a_uniq UNIQUE (content_type_id, codename);


--
-- Name: auth_permission auth_permission_pkey; Type: CONSTRAINT; Schema: public; Owner: postgres
--

ALTER TABLE ONLY public.auth_permission
    ADD CONSTRAINT auth_permission_pkey PRIMARY KEY (id);


--
-- Name: django_admin_log django_admin_log_pkey; Type: CONSTRAINT; Schema: public; Owner: postgres
--

ALTER TABLE ONLY public.django_admin_log
    ADD CONSTRAINT django_admin_log_pkey PRIMARY KEY (id);


--
-- Name: django_content_type django_content_type_app_label_model_76bd3d3b_uniq; Type: CONSTRAINT; Schema: public; Owner: postgres
--

ALTER TABLE ONLY public.django_content_type
    ADD CONSTRAINT django_content_type_app_label_model_76bd3d3b_uniq UNIQUE (app_label, model);


--
-- Name: django_content_type django_content_type_pkey; Type: CONSTRAINT; Schema: public; Owner: postgres
--

ALTER TABLE ONLY public.django_content_type
    ADD CONSTRAINT django_content_type_pkey PRIMARY KEY (id);


--
-- Name: django_migrations django_migrations_pkey; Type: CONSTRAINT; Schema: public; Owner: postgres
--

ALTER TABLE ONLY public.django_migrations
    ADD CONSTRAINT django_migrations_pkey PRIMARY KEY (id);


--
-- Name: django_session django_session_pkey; Type: CONSTRAINT; Schema: public; Owner: postgres
--

ALTER TABLE ONLY public.django_session
    ADD CONSTRAINT django_session_pkey PRIMARY KEY (session_key);


--
-- Name: holidays_holidayplan holidays_holidayplan_pkey; Type: CONSTRAINT; Schema: public; Owner: postgres
--

ALTER TABLE ONLY public.holidays_holidayplan
    ADD CONSTRAINT holidays_holidayplan_pkey PRIMARY KEY (id);


--
-- Name: trips_trip trips_trip_pkey; Type: CONSTRAINT; Schema: public; Owner: postgres
--

ALTER TABLE ONLY public.trips_trip
    ADD CONSTRAINT trips_trip_pkey PRIMARY KEY (id);


--
-- Name: accounts_user_email_b2644a56_like; Type: INDEX; Schema: public; Owner: postgres
--

CREATE INDEX accounts_user_email_b2644a56_like ON public.accounts_user USING btree (email varchar_pattern_ops);


--
-- Name: accounts_user_groups_group_id_bd11a704; Type: INDEX; Schema: public; Owner: postgres
--

CREATE INDEX accounts_user_groups_group_id_bd11a704 ON public.accounts_user_groups USING btree (group_id);


--
-- Name: accounts_user_groups_user_id_52b62117; Type: INDEX; Schema: public; Owner: postgres
--

CREATE INDEX accounts_user_groups_user_id_52b62117 ON public.accounts_user_groups USING btree (user_id);


--
-- Name: accounts_user_user_permissions_permission_id_113bb443; Type: INDEX; Schema: public; Owner: postgres
--

CREATE INDEX accounts_user_user_permissions_permission_id_113bb443 ON public.accounts_user_user_permissions USING btree (permission_id);


--
-- Name: accounts_user_user_permissions_user_id_e4f0a161; Type: INDEX; Schema: public; Owner: postgres
--

CREATE INDEX accounts_user_user_permissions_user_id_e4f0a161 ON public.accounts_user_user_permissions USING btree (user_id);


--
-- Name: auth_group_name_a6ea08ec_like; Type: INDEX; Schema: public; Owner: postgres
--

CREATE INDEX auth_group_name_a6ea08ec_like ON public.auth_group USING btree (name varchar_pattern_ops);


--
-- Name: auth_group_permissions_group_id_b120cbf9; Type: INDEX; Schema: public; Owner: postgres
--

CREATE INDEX auth_group_permissions_group_id_b120cbf9 ON public.auth_group_permissions USING btree (group_id);


--
-- Name: auth_group_permissions_permission_id_84c5c92e; Type: INDEX; Schema: public; Owner: postgres
--

CREATE INDEX auth_group_permissions_permission_id_84c5c92e ON public.auth_group_permissions USING btree (permission_id);


--
-- Name: auth_permission_content_type_id_2f476e4b; Type: INDEX; Schema: public; Owner: postgres
--

CREATE INDEX auth_permission_content_type_id_2f476e4b ON public.auth_permission USING btree (content_type_id);


--
-- Name: django_admin_log_content_type_id_c4bce8eb; Type: INDEX; Schema: public; Owner: postgres
--

CREATE INDEX django_admin_log_content_type_id_c4bce8eb ON public.django_admin_log USING btree (content_type_id);


--
-- Name: django_admin_log_user_id_c564eba6; Type: INDEX; Schema: public; Owner: postgres
--

CREATE INDEX django_admin_log_user_id_c564eba6 ON public.django_admin_log USING btree (user_id);


--
-- Name: django_session_expire_date_a5c62663; Type: INDEX; Schema: public; Owner: postgres
--

CREATE INDEX django_session_expire_date_a5c62663 ON public.django_session USING btree (expire_date);


--
-- Name: django_session_session_key_c0390e0f_like; Type: INDEX; Schema: public; Owner: postgres
--

CREATE INDEX django_session_session_key_c0390e0f_like ON public.django_session USING btree (session_key varchar_pattern_ops);


--
-- Name: holidays_holidayplan_user_id_131c5af9; Type: INDEX; Schema: public; Owner: postgres
--

CREATE INDEX holidays_holidayplan_user_id_131c5af9 ON public.holidays_holidayplan USING btree (user_id);


--
-- Name: trips_trip_user_id_b33c249a; Type: INDEX; Schema: public; Owner: postgres
--

CREATE INDEX trips_trip_user_id_b33c249a ON public.trips_trip USING btree (user_id);


--
-- Name: Itinerary_itinerary Itinerary_itinerary_trip_id_4ba00312_fk_trips_trip_id; Type: FK CONSTRAINT; Schema: public; Owner: postgres
--

ALTER TABLE ONLY public."Itinerary_itinerary"
    ADD CONSTRAINT "Itinerary_itinerary_trip_id_4ba00312_fk_trips_trip_id" FOREIGN KEY (trip_id) REFERENCES public.trips_trip(id) DEFERRABLE INITIALLY DEFERRED;


--
-- Name: accounts_user_groups accounts_user_groups_group_id_bd11a704_fk_auth_group_id; Type: FK CONSTRAINT; Schema: public; Owner: postgres
--

ALTER TABLE ONLY public.accounts_user_groups
    ADD CONSTRAINT accounts_user_groups_group_id_bd11a704_fk_auth_group_id FOREIGN KEY (group_id) REFERENCES public.auth_group(id) DEFERRABLE INITIALLY DEFERRED;


--
-- Name: accounts_user_groups accounts_user_groups_user_id_52b62117_fk_accounts_user_id; Type: FK CONSTRAINT; Schema: public; Owner: postgres
--

ALTER TABLE ONLY public.accounts_user_groups
    ADD CONSTRAINT accounts_user_groups_user_id_52b62117_fk_accounts_user_id FOREIGN KEY (user_id) REFERENCES public.accounts_user(id) DEFERRABLE INITIALLY DEFERRED;


--
-- Name: accounts_user_user_permissions accounts_user_user_p_permission_id_113bb443_fk_auth_perm; Type: FK CONSTRAINT; Schema: public; Owner: postgres
--

ALTER TABLE ONLY public.accounts_user_user_permissions
    ADD CONSTRAINT accounts_user_user_p_permission_id_113bb443_fk_auth_perm FOREIGN KEY (permission_id) REFERENCES public.auth_permission(id) DEFERRABLE INITIALLY DEFERRED;


--
-- Name: accounts_user_user_permissions accounts_user_user_p_user_id_e4f0a161_fk_accounts_; Type: FK CONSTRAINT; Schema: public; Owner: postgres
--

ALTER TABLE ONLY public.accounts_user_user_permissions
    ADD CONSTRAINT accounts_user_user_p_user_id_e4f0a161_fk_accounts_ FOREIGN KEY (user_id) REFERENCES public.accounts_user(id) DEFERRABLE INITIALLY DEFERRED;


--
-- Name: auth_group_permissions auth_group_permissio_permission_id_84c5c92e_fk_auth_perm; Type: FK CONSTRAINT; Schema: public; Owner: postgres
--

ALTER TABLE ONLY public.auth_group_permissions
    ADD CONSTRAINT auth_group_permissio_permission_id_84c5c92e_fk_auth_perm FOREIGN KEY (permission_id) REFERENCES public.auth_permission(id) DEFERRABLE INITIALLY DEFERRED;


--
-- Name: auth_group_permissions auth_group_permissions_group_id_b120cbf9_fk_auth_group_id; Type: FK CONSTRAINT; Schema: public; Owner: postgres
--

ALTER TABLE ONLY public.auth_group_permissions
    ADD CONSTRAINT auth_group_permissions_group_id_b120cbf9_fk_auth_group_id FOREIGN KEY (group_id) REFERENCES public.auth_group(id) DEFERRABLE INITIALLY DEFERRED;


--
-- Name: auth_permission auth_permission_content_type_id_2f476e4b_fk_django_co; Type: FK CONSTRAINT; Schema: public; Owner: postgres
--

ALTER TABLE ONLY public.auth_permission
    ADD CONSTRAINT auth_permission_content_type_id_2f476e4b_fk_django_co FOREIGN KEY (content_type_id) REFERENCES public.django_content_type(id) DEFERRABLE INITIALLY DEFERRED;


--
-- Name: django_admin_log django_admin_log_content_type_id_c4bce8eb_fk_django_co; Type: FK CONSTRAINT; Schema: public; Owner: postgres
--

ALTER TABLE ONLY public.django_admin_log
    ADD CONSTRAINT django_admin_log_content_type_id_c4bce8eb_fk_django_co FOREIGN KEY (content_type_id) REFERENCES public.django_content_type(id) DEFERRABLE INITIALLY DEFERRED;


--
-- Name: django_admin_log django_admin_log_user_id_c564eba6_fk_accounts_user_id; Type: FK CONSTRAINT; Schema: public; Owner: postgres
--

ALTER TABLE ONLY public.django_admin_log
    ADD CONSTRAINT django_admin_log_user_id_c564eba6_fk_accounts_user_id FOREIGN KEY (user_id) REFERENCES public.accounts_user(id) DEFERRABLE INITIALLY DEFERRED;


--
-- Name: holidays_holidayplan holidays_holidayplan_user_id_131c5af9_fk_accounts_user_id; Type: FK CONSTRAINT; Schema: public; Owner: postgres
--

ALTER TABLE ONLY public.holidays_holidayplan
    ADD CONSTRAINT holidays_holidayplan_user_id_131c5af9_fk_accounts_user_id FOREIGN KEY (user_id) REFERENCES public.accounts_user(id) DEFERRABLE INITIALLY DEFERRED;


--
-- Name: trips_trip trips_trip_user_id_b33c249a_fk_accounts_user_id; Type: FK CONSTRAINT; Schema: public; Owner: postgres
--

ALTER TABLE ONLY public.trips_trip
    ADD CONSTRAINT trips_trip_user_id_b33c249a_fk_accounts_user_id FOREIGN KEY (user_id) REFERENCES public.accounts_user(id) DEFERRABLE INITIALLY DEFERRED;


--
-- PostgreSQL database dump complete
--

\unrestrict M9sEhMz44VBBKTEL1k1CCxbacIwjRoRiVf8CPXN5P9ZfM5a2eB9rYjSlV1MtkDo

